birthday,pic/_title,team/_alt,team/_title,name,pic/_alt,pic,position,team,value,number,number/_source
"Jul 12, 1984 (31)",Michael McGovern,Hamilton Academical FC, ,Michael McGovern,Michael McGovern,http://akacdn.transfermarkt.de/bilder/mediumfotos/s_29391_2759_2009_1.jpg?lm=0,Keeper,http://akacdn.transfermarkt.de/images/wappen/normal/2999.png?lm=1416263000,£375k,,
"May 19, 1982 (33)",Alan Mannus,St. Johnstone FC, ,Alan Mannus,Alan Mannus,http://akacdn.transfermarkt.de/bilder/mediumfotos/s_62855_3258_2010_2.jpg?lm=0,Keeper,http://akacdn.transfermarkt.de/images/wappen/normal/2578.png?lm=1416262609,£338k,,
"Sep 30, 1977 (38)",Roy Carroll,Notts County, ,Roy Carroll,Roy Carroll,http://akacdn.transfermarkt.de/bilder/mediumfotos/s_3534_683_2012_1.jpg?lm=0,Keeper,http://akacdn.transfermarkt.de/images/wappen/normal/1045.png?lm=1411463588,£113k,1,1
"Jan 3, 1988 (28)",Jonny Evans,West Bromwich Albion, ,Jonny Evans,Jonny Evans,http://akacdn.transfermarkt.de/bilder/mediumfotos/s_42412_985_2013_10_18_1.jpg?lm=0,Centre Back,http://akacdn.transfermarkt.de/images/wappen/normal/984.png?lm=1407564233,£4.50m,5,5
"Apr 27, 1995 (20)",Patrick McNair,Manchester United, ,Patrick McNair,Patrick McNair,http://akacdn.transfermarkt.de/images/portrait/medium/167268-1423578327.jpg?lm=1433143778,Centre Back,http://akacdn.transfermarkt.de/images/wappen/normal/985.png?lm=1444078602,£3.38m,17,17
"Dec 5, 1979 (36)",Gareth McAuley,West Bromwich Albion, ,Gareth McAuley,Gareth McAuley,http://akacdn.transfermarkt.de/bilder/mediumfotos/s_40567_984_2012_1.jpg?lm=0,Centre Back,http://akacdn.transfermarkt.de/images/wappen/normal/984.png?lm=1407564233,£375k,4,4
"Nov 8, 1979 (36)",Aaron Hughes,Melbourne City FC, ,Aaron Hughes,Aaron Hughes,http://akacdn.transfermarkt.de/bilder/mediumfotos/s_3580_931_2009_1.jpg?lm=0,Centre Back,http://akacdn.transfermarkt.de/images/wappen/normal/25580.png?lm=1404055903,£263k,18,18
"Feb 15, 1994 (22)",Luke McCullough,Doncaster Rovers, ,Luke McCullough,Luke McCullough,http://akacdn.transfermarkt.de/bilder/mediumfotos/s_174247_2454_2013_10_18_1.jpg?lm=0,Centre Back,http://akacdn.transfermarkt.de/images/wappen/normal/2454.png?lm=1409253612,£225k,,
"Jan 8, 1990 (26)",Ryan McGivern,Port Vale FC, ,Ryan McGivern,Ryan McGivern,http://akacdn.transfermarkt.de/images/portrait/medium/default.jpg?lm=1455618221,Left-Back,http://akacdn.transfermarkt.de/images/wappen/normal/1211.png?lm=1411463634,£225k,3,3
"Feb 25, 1982 (33)",Chris Baird,Fulham FC, ,Chris Baird,Chris Baird,http://akacdn.transfermarkt.de/bilder/mediumfotos/s_4115_931_2009_1.jpg?lm=0,Right-Back,http://akacdn.transfermarkt.de/images/wappen/normal/931.png?lm=1403450246,£375k,6,6
"Jul 26, 1991 (24)",Conor McLaughlin,Fleetwood Town, ,Conor McLaughlin,Conor McLaughlin,http://akacdn.transfermarkt.de/images/portrait/medium/128419-1452002722.jpg?lm=1452002762,Right-Back,http://akacdn.transfermarkt.de/images/wappen/normal/11177.png?lm=1455312851,£188k,2,2
"Jan 1, 1985 (31)",Steven Davis,Southampton FC, ,Steven Davis,Steven Davis,http://akacdn.transfermarkt.de/images/portrait/medium/28973-1454586959.jpg?lm=1454586960,Central Midfield,http://akacdn.transfermarkt.de/images/wappen/normal/180.png?lm=1444560086,£4.13m,8,8
"Apr 12, 1991 (24)",Oliver Norwood,Reading FC, ,Oliver Norwood,Oliver Norwood,http://akacdn.transfermarkt.de/images/portrait/medium/default.jpg?lm=1455618221,Central Midfield,http://akacdn.transfermarkt.de/images/wappen/normal/1032.png?lm=1407653909,£1.31m,16,16
"Jul 30, 1990 (25)",Corry Evans,Blackburn Rovers, ,Corry Evans,Corry Evans,http://akacdn.transfermarkt.de/bilder/mediumfotos/s_73501_164_2013_08_16_1.jpg?lm=0,Central Midfield,http://akacdn.transfermarkt.de/images/wappen/normal/164.png?lm=1407653638,£938k,13,13
"Dec 14, 1984 (31)",Chris Brunt,West Bromwich Albion, ,Chris Brunt,Chris Brunt,http://akacdn.transfermarkt.de/bilder/mediumfotos/s_36814_984_2009_1.jpg?lm=0,Left Midfield,http://akacdn.transfermarkt.de/images/wappen/normal/984.png?lm=1407564233,£3.00m,,
"Apr 19, 1991 (24)",Stuart Dallas,Leeds United, ,Stuart Dallas,Stuart Dallas,http://akacdn.transfermarkt.de/bilder/mediumfotos/s_158764_1148_2013_09_24_1.jpg?lm=0,Left Midfield,http://akacdn.transfermarkt.de/images/wappen/normal/399.png?lm=1407654193,£938k,,
"Jul 12, 1991 (24)",Shane Ferguson,Millwall FC, ,Shane Ferguson,Shane Ferguson,http://akacdn.transfermarkt.de/bilder/mediumfotos/s_62052_762_2012_1.jpg?lm=0,Left Midfield,http://akacdn.transfermarkt.de/images/wappen/normal/1028.png?lm=1422308737,£750k,6,6
"Dec 16, 1983 (32)",Paddy McCourt,Luton Town, ,Paddy McCourt,Paddy McCourt,http://akacdn.transfermarkt.de/bilder/mediumfotos/s_43925_371_2012_1.jpg?lm=0,Left Wing,http://akacdn.transfermarkt.de/images/wappen/normal/1031.png?lm=1411464433,£300k,15,15
"Jun 3, 1993 (22)",Josh Carson,York City, ,Josh Carson,Josh Carson,http://akacdn.transfermarkt.de/bilder/mediumfotos/s_158576_677_2010_1.jpg?lm=0,Right Wing,http://akacdn.transfermarkt.de/images/wappen/normal/1252.png?lm=1411464390,£375k,23,23
"May 12, 1986 (29)",Jamie Ward,Nottingham Forest, ,Jamie Ward,Jamie Ward,http://akacdn.transfermarkt.de/bilder/mediumfotos/s_48692_22_2013_08_16_1.jpg?lm=0,Left Wing,http://akacdn.transfermarkt.de/images/wappen/normal/703.png?lm=1407653542,£1.31m,19,19
"Jul 20, 1987 (28)",Niall McGinn,Aberdeen FC, ,Niall McGinn,Niall McGinn,http://akacdn.transfermarkt.de/bilder/mediumfotos/s_68321_370_2013_02_11_1.jpg?lm=0,Right Wing,http://akacdn.transfermarkt.de/images/wappen/normal/370.png?lm=1409146897,£563k,7,7
"Sep 16, 1987 (28)",Kyle Lafferty,Norwich City, ,Kyle Lafferty,Kyle Lafferty,http://akacdn.transfermarkt.de/bilder/mediumfotos/s_36884_321_2012_11_09_1.jpg?lm=0,Centre Forward,http://akacdn.transfermarkt.de/images/wappen/normal/1123.png?lm=1407564479,£1.50m,10,10
"Jul 3, 1991 (24)",Will Grigg,Wigan Athletic, ,Will Grigg,Will Grigg,http://akacdn.transfermarkt.de/images/portrait/medium/106676-1447688589.jpg?lm=1447688633,Centre Forward,http://akacdn.transfermarkt.de/images/wappen/normal/1071.png?lm=1407653830,£750k,,
"Oct 22, 1988 (27)",Billy McKay,Dundee United FC, ,Billy McKay,Billy McKay,http://akacdn.transfermarkt.de/bilder/mediumfotos/s_123294_2451_2013_02_11_1.jpg?lm=0,Centre Forward,http://akacdn.transfermarkt.de/images/wappen/normal/1519.png?lm=1409144701,£375k,,
"Aug 15, 1990 (25)",Josh Magennis,Kilmarnock FC, ,Josh Magennis,Josh Magennis,http://akacdn.transfermarkt.de/images/portrait/medium/63223-1444400076.jpg?lm=1444400129,Centre Forward,http://akacdn.transfermarkt.de/images/wappen/normal/2553.png?lm=1416262960,£225k,20,20
"Oct 22, 1992 (23)",Caolan Lavery,Sheffield Wednesday, ,Caolan Lavery,Caolan Lavery,http://akacdn.transfermarkt.de/images/portrait/medium/default.jpg?lm=1455618221,Centre Forward,http://akacdn.transfermarkt.de/images/wappen/normal/1035.png?lm=1407655361,£113k,,
